Handle,Display Name,DID
adamaaronson.bsky.social,Adam Aaronson,did:plc:rrh5me656wmncolysevqhc4y
adamtaylornba.bsky.social,AdamTaylorNBA,did:plc:dl45gvyrkbqt7xwowhh4aa6j
alexaphilippou.bsky.social,Alexa Philippou,did:plc:rwx7lnjebqrm6cozzjqobqvd
alexgoldennba.bsky.social,Alex Golden,did:plc:s2ahnyyou2ocsnkyjai3u3na
alexmcdaniel.co,Alex McDaniel,did:plc:p4bdafxchicaouixvkysn5ua
alexregla.bsky.social,Alex Regla,did:plc:6taqdglwz3oadrstyqxdogni
andrewmarchand.bsky.social,Andrew Marchand,did:plc:yvcfopv3zcp3ybzlizfgkwvp
anthonyirwinla.bsky.social,Anthony Irwin,did:plc:i2bbb5awcdev32y34gcfjhgz
austinkrell.bsky.social,Austin Krell,did:plc:zfxkhiy2lyomncn3lykkwzi7
bannedmacmahon.bsky.social,Tim MacMahon,did:plc:cyl5jbk76bbi7lqg7bipqazs
basketball-reference.com,Basketball Reference,did:plc:for72tiy5r7qmr4yq44372dd
basketballpoetry.com,Basketball Poetry,did:plc:zdbf2wcg2jel7zicp2har4qc
basketballtalk.bsky.social,Kurt Helin,did:plc:hb5s4bd5ctk6inznrn6gf6hx
baxterholmes.bsky.social,Baxter Holmes,did:plc:2ziyda63igh4dq5bjle5tzgy
bbstats.bsky.social,Nathan Walker,did:plc:zlu4qb4lp3oazzwzp5rwmn3n
benalamar.bsky.social,Ben Alamar,did:plc:572rldk75iyzncbcmdivhajz
blakemurphy.bsky.social,Blake Murphy,did:plc:y3xahfdgzxpjsqogokmi43bt
bobbykrivitsky.bsky.social,Bobby Krivitsky,did:plc:dnxkqc6rsqossh7uhyobkeua
bryanfonseca.bsky.social,Bryan Fonseca 🇵🇷,did:plc:ai3cyo563gczjxz5b3jc6ahb
btrowland.bsky.social,Brad Rowland,did:plc:yvy5ax23zpmoearxn6xsgqzf
bullsjay.bsky.social,Jason Patt,did:plc:b5s7pvomuo3xwd3wgdpnohtt
byjayking.bsky.social,Jay King,did:plc:tna6odclgfacu2mwyoc4tfvo
chadfinn.bsky.social,Chad Finn,did:plc:v54k3gt2dcjehyd33xmsbwqe
chasedcsports.bsky.social,Chase Hughes,did:plc:swpiwvl6x53c6dhqvt5e5jll
chrisherrington.bsky.social,Chris Herrington,did:plc:pg3zlnog4fdtsy4yu6nh46fi
christopherhine.bsky.social,Chris Hine,did:plc:py7chfax4ftugpcpyj2binih
coupnba.bsky.social,Couper Moorhead,did:plc:aqtpqh5tjrk3p46bvbkzcu5t
daltonjohnson.bsky.social,Dalton Johnson,did:plc:5dwbpojkp6wykwcafasvwroi
danfavale.bsky.social,dan favale,did:plc:zgw663lwxmujmen5k4jmjair
dannycunningham.bsky.social,Danny Cunningham,did:plc:g6ifxgrzi22eaemi4lc5pyr2
davidaldridgedc.bsky.social,David Aldridge,did:plc:g3fvb2cxn4yxcq3rjd2llqv5
deanolytics.bsky.social,Dean Oliver ,did:plc:wealmcocydpqru3o3436djcf
derekbodner.bsky.social,Derek Bodner,did:plc:3ptwjyxtszedewmllnzovqtd
deucemason.bsky.social,Deuce Mason,did:plc:xyzeyymd5k2hu7tvbn6xa7yy
drew-h-stevens.bsky.social,Drew,did:plc:fn2d4f2fdyghzild2opwssaa
ecreates88.bsky.social,Edwin Garcia,did:plc:d7jo2dgltk635ycukifq3qjx
ekoreen.bsky.social,Eric Koreen,did:plc:wj222j7j4agz3k4ikhxrbb4r
ericpincus.bsky.social,Eric Pincus,did:plc:62vn7pn3rjfzfvmytauqm25s
erikg503.bsky.social,Erik García Gundersen,did:plc:szxkt3ekyjatlwd7jknsmtv4
evanbarnes.bsky.social,Evan Barnes,did:plc:heh36ub4shbubnjcgo6z6z26
fearthebrown.bsky.social,Shamit Dua,did:plc:kr7udf3q4nx4hupvhqhxcxus
flybyknite.bsky.social,Justin Russo,did:plc:zcifiaokjuznmkasf6zn347d
fredkatz.bsky.social,Fred Katz,did:plc:xwa273u2xtoaab4lm5ybj2uy
gabriel1200.bsky.social,Gabriel Guzman,did:plc:hlhg3xavxgwhzdzvfc7qe7dc
geraldbourguet.bsky.social,Gerald Bourguet,did:plc:pz2e6pmf64ey4zpgyjuvpdfj
ginamizell.bsky.social,Gina Mizell,did:plc:hl273o7bfegotspjc5dqfzmq
havlicekstoleit.bsky.social,Havlicek Stole the Pod,did:plc:yjwml7sdsf4dn6efgmu5okhj
herringnba.bsky.social,Chris Herring,did:plc:dqohr55w6cbq4o7xjm4kqdlu
highkin.bsky.social,Sean Highkin,did:plc:t2fqrxpw2yko4xlifv7y6hsi
hoopinformatics.bsky.social,Hoop Informatics,did:plc:s42iw2fbfmgsgh7hdtvvoaao
hoopsanalyst.bsky.social,HoopsAnalyst,did:plc:gqgnr2obuwossobfnxw5xnxg
hoopshypeofficial.bsky.social,HoopsHype,did:plc:i732zeq2rkbq2db66afktt5i
howardbeck.bsky.social,Howard Beck,did:plc:rkpzrwxex34r36ypejhew7ml
howardmegdal.bsky.social,Howard Megdal,did:plc:rohc2dntuoghb2yg2kav4yyh
hpbasketball.bsky.social,Hardwood Paroxysm,did:plc:arafm74ft3zdygyhtatq5j7k
instreetclothes.bsky.social,Jeff Stotts,did:plc:qswqfupbw27yjtt2e5qjmvz3
irawinderman.bsky.social,Ira Winderman,did:plc:kq5obb3xiadd6jum34eeif4u
iztokfranko.bsky.social,Iztok Franko,did:plc:2i2l6t4uh4y7vahpn7hiqx3f
jackmack12.bsky.social,Jack McCallum,did:plc:izgosjij2ehummy4qxtzxbh3
jacksimone.bsky.social,Jack Simone,did:plc:3uuqepzcthwvmamvlr3zw7rc
jadande.bsky.social,J.A. Adande,did:plc:rvgw6lzk6p7k34bnkilsykrc
jadubin5.bsky.social,Jared Dubin,did:plc:pgok625ocobq7t3decm3o5vu
jameshamnba.bsky.social,James Ham,did:plc:df2gzsny4y5khzaa5rsfrblr
jamesherbert.bsky.social,james herbert,did:plc:7eh2xtzl3lbzkw6mjqlgkkxv
jbeede.bsky.social,Jason Beede,did:plc:e7fdktkwv37ws6rljgnoljfz
jeffschultzatl.bsky.social,Jeff Schultz,did:plc:hlawk4j2y3l576ky76ajqb5h
jeskeets.bsky.social,J.E. Skeets,did:plc:v6xd7qcm4tsgb4ndo547vh4n
jimowczarski.bsky.social,Jim Owczarski,did:plc:6jpqgc6d4tplxcioxuh7khmr
jledwardsiii.bsky.social,James L. Edwards III,did:plc:6y3zulpfknfey5qemwhc4frl
jmcdonaldsa.bsky.social,Jeff McDonald,did:plc:22fudzaxnal4ddodzv2o6mwk
joemussatto.bsky.social,Joe Mussatto,did:plc:rp37sibktdgd5iwyl3nfdzou
joevardon.bsky.social,joevardon.bsky.social,did:plc:aqjnyuu6yiaputkvnx44kzb4
johngonzalez.bsky.social,Jawn Gonzalez,did:plc:g2aq2tld5ukrbi7txlusrfel
johnhollinger.bsky.social,John Hollinger,did:plc:j24jtz7xkt5ttdsk32mmpkvn
johnkaralis.com,John Karalis,did:plc:zvgi4eon2fvlemnmaqnmayuk
johnschuhmann.bsky.social,John Schuhmann,did:plc:khkkkhl5yezvfymz4g4tnukt
jonathanmacri.bsky.social,Jonathan Macri,did:plc:rvffopjouo2kuacijd7qfqzu
jonhamm.bsky.social,Jon Hamm,did:plc:wmqeyoxhxyod73wcot4sqhe7
justinquinnn.bsky.social,Dr. Justin Quinn,did:plc:3iu4lqha2u6ucmxmtds2j4sf
keerthikau.bsky.social,Keerthika Uthayakumar,did:plc:blrk2gk5dq32snk2kthu3cnn
keithsmithnba.bsky.social,KeithSmithNBA,did:plc:luofuy2uw7g4vsd2vbwidtel
kenpom.com,kenpom,did:plc:eonekhi5niboa7setutracbc
kerithburke.bsky.social,Kerith Burke,did:plc:uq4rl5ozgfkyujw4ejela3l7
kpelton.bsky.social,Kevin Pelton,did:plc:wbpjhdry2la6ozeiqrdmpmms
lakersnation.bsky.social,LakersNation.com,did:plc:75z3gabuwl6uvv7pootuuvgn
lawmurraythenu.bsky.social,Law Murray 📘,did:plc:paf4vetn26bu7uggsie3vyrc
levakabas.bsky.social,Lev Akabas,did:plc:sgoisgg5ihykk4rkmleqcsuu
lucaskaplan.bsky.social,Lucas Kaplan,did:plc:7cebuscjy45j4w35xfhknbw2
marcjspears.bsky.social,MarcJSpears,did:plc:lyrhzsfcnpthqs3t5ks6pqzv
markjonesespn.bsky.social,Mark Jones,did:plc:lldgxx4auj7zsd2fp4hbory3
masonginsberg.bsky.social,Mason Ginsberg,did:plc:7xcmvkawxqwarqmgcshdxh3c
matthewtynan.bsky.social,Matthew Tynan,did:plc:jdvqlmpnyrqpvl2fwysrzlyd
mcuban.bsky.social,Mark Cuban,did:plc:y5xyloyy7s4a2bwfeimj7r3b
michaelvpina.bsky.social,Michael Pina,did:plc:s2ibun2lfcftexxcqsr4ryce
mikeascotto.bsky.social,Michael Scotto,did:plc:e3ktrbooe3mildj4hhwhsvtc
mikedsykes.bsky.social,Sykes,did:plc:f3ocdpqbuxij5ftsrqkyzwlk
mikefinger.bsky.social,Mike Finger,did:plc:x5ws4443357brulpdp7zl2qt
mikepradanba.bsky.social,Mike Prada,did:plc:z2pzwb4newtlavxdtn3xaoql
mikevorkunov.bsky.social,Mike Vorkunov,did:plc:pgrqrtjyigyi3h4ygzkhxwkj
mirinfader.bsky.social,Mirin Fader,did:plc:qo6jealqjwik2sz2sj7x5mha
mollyhannahm.bsky.social,Molly Morrison,did:plc:fm7wzaqn4xcmxqpmraavcner
montepoole.bsky.social,Monte Poole,did:plc:nrzonytvdybfyy7t7b3jr6le
morganragan.bsky.social,Morgan Ragan,did:plc:l7etmpuwgfflcq6x2jqjq7g4
msjnba.bsky.social,Morten Stig Jensen,did:plc:oj5blc3orcaoahohplfbaoz2
nateduncannba.bsky.social,Nate Duncan,did:plc:mtyaifw46xppbvcxeo6tl6wf
nba.bankbryan.com,bankbryan.com/NBA,did:plc:sn7radd6opfhsq54pta4w66w
nba.com,NBA,did:plc:7sfnardo5xxznxc6esxc5ooe
nbacobwebs.bsky.social,NBA Cobwebs,did:plc:nk756gkpj52ryc6gaorkvctp
nbasarah.bsky.social,Sarah Todd,did:plc:ar64irgfsivc76wkio5oylob
nbastat.bsky.social,NBA Stat,did:plc:fqsmj7o5mbb7n7oav2kkjuid
nbcswarriors.bsky.social,Warriors on NBC Sports Bay Area,did:plc:crcybmshorvvegmbkp5rvgjv
nekiasnba.bsky.social,Nuh-KAI-us Duncan,did:plc:t5pdaa4ft35prjjwt22aw5fj
nickvanexit.bsky.social,Nick Angstadt,did:plc:traer34gkcgums7iiflbjiab
noadalzell.bsky.social,Noa Dalzell,did:plc:jeb5puwe2trbthuqu4qnuctx
norlander.bsky.social,Matt Norlander,did:plc:eltikd6go53huetqxq5hsikx
nuggets.bsky.social,Denver Nuggets,did:plc:kdvkohfy7btmsdkg5mwuzjbw
ohnohedidnt24.bsky.social,Oh No He Didn't,did:plc:o7nvaeky6b42dplp2ssdudvw
omarisankofa.bsky.social,Omari Sankofa II,did:plc:ozrhqae34vzv6mso2hsym65i
pablo.show,Pablo Torre,did:plc:2ndbi7d2cnnwlytbfxlxqcgw
pakaflocka.bsky.social,Parker Fleming,did:plc:jwud2x6ofpyowabq7d4cpdqb
patricksandusky.bsky.social,Patrick D. Sandusky,did:plc:s2kcqrqdnuabwaujmacwodfu
paulhudrick.bsky.social,Paul Hudrick,did:plc:b6754hi2xy3rxuq4pbu62jgw
protectedpick.bsky.social,Mike Vigil,did:plc:7og4kmbrkwsbt5qakdmyewll
raulbarrigon.bsky.social,Barry,did:plc:ys6maljnfqys326bbksy5qdt
realgmnba.bsky.social,RealGM,did:plc:635cuwuwdmeaqrubnkorrcjj
reichten.bsky.social,Ryan Eichten,did:plc:wk63wrtagvfs5blscwtsgknp
retepadam.bsky.social,Peter Nygaard,did:plc:jq4psju6vsfswvot74qdwzff
richarddeitsch.bsky.social,Richard Deitsch,did:plc:42qm4nzol5bkpulya64jnskm
rickyodonn.bsky.social,Ricky O'Donnell,did:plc:shbrsjbjrqrsnjxwniprp6s6
rodboone.bsky.social,Rod Boone,did:plc:dl5qk5kkrd4tcdskgc5soow2
samdigiovanni.bsky.social,Sam DiGiovanni,did:plc:kr33fajyxpy2voxwsthydewq
scottagness.bsky.social,Scott Agness,did:plc:6ahv2jk7wea2fql74oiisng6
seeratsohi.bsky.social,Seerat Sohi,did:plc:yp3wawoibro6nn6pljmgjdim
sethrosenthal.bsky.social,Seth Rosenthal,did:plc:dopbstmnsij5ipmn6sr3fd43
sethwalder.bsky.social,Seth Walder,did:plc:mbxm4wdmklezjotcqa3g7uto
shamsbot.bsky.social,Shams Charania Tweets,did:plc:sa73fbx3vxzh2fw5pu5wmief
shapalicious.bsky.social,Jake Shapiro,did:plc:lymzh2dxwzgjibwhgvwxhwla
sheacarlson.bsky.social,Shea,did:plc:kxythy36vqgzttgcpbckbmxi
shrikhalpada.dev,shri,did:plc:wlwlvnq25nzwvz43crqo7apu
sichrismannix.bsky.social,Chris Mannix,did:plc:mtfaxzqle5h6stf7y6tmuxf7
sixersnba.bsky.social,Philadelphia 76ers,did:plc:cmbfgddrx6ryytozlpbmp54t
smithraptorsbeat.bsky.social,Doug Smith,did:plc:fhyu4zjougtr3emjwdulollt
spindavies.bsky.social,Spencer Davies,did:plc:fvir4trmbwka2ufxo53jjn3h
sportinfo247.bsky.social,Mike Lynch,did:plc:7blpgonoxxs3ofjq7vcmup6x
sportsmediawatch.bsky.social,Sports Media Watch,did:plc:6k2l2zk4prog4khdtzbafugo
sportsreiter.bsky.social,Bill Reiter,did:plc:lzrhcvcucq637m4o7tryfauo
statitudes.com,Justin Kubatko,did:plc:rldxxd4625riymt4b5bwbmpf
stevejones20.bsky.social,Steve Jones,did:plc:mx62ni2prhriaagd7jfa65zk
talkinnba.bsky.social,𝐓𝐚𝐥𝐤𝐢𝐧' 𝐍𝐁𝐀,did:plc:kw5xaqu7idurpzymhgokwmw7
tasmelas.bsky.social,TasMelas,did:plc:uhz77trw3gpob42535jmcrma
teamziller.bsky.social,Tom Ziller,did:plc:q3fi25au634c4yojnysqzlrj
thesteinline.bsky.social,Marc Stein,did:plc:igwnnfvmgtrxmgumffgkjfpa
timcato.bsky.social,tim cato,did:plc:mibrohqq7kqo46n64glnbupe
tommybeernba.bsky.social,Tommy Beer,did:plc:vcumvue2gcsxexermtdg6cr7
tomorsborn.bsky.social,Tom Orsborn,did:plc:fdw3hkjrul22w75bdw5pcsn3
tonyreast.bsky.social,Tony East,did:plc:7uahugigvixjvxd5s2hidpad
tylerparker.bsky.social,Tyler Parker,did:plc:6qppa44hr2vb72kf5qpsivyu
wolstat.bsky.social,Wolstat,did:plc:r2e5r4n5kt4q3hayta2irbzg
wtevs.bsky.social,Katie Heindl,did:plc:6md2o5aobb6i5rvbpx35g5yq
yoleo.bsky.social,Leo S,did:plc:rd3xjqinklzohadsvnwyuui3
yossigozlan.bsky.social,Yossi Gozlan,did:plc:kvf6pnfrtgek6jqlkpqhgacv
yourmandevine.bsky.social,Dan Devine,did:plc:4xpj3xjxsxxcuh3ghaulzdqu
zachkram.bsky.social,Zach Kram,did:plc:sanjdnfszpuiencndclday4o
zenakeita.bsky.social,Zena Keita,did:plc:wzpgt6z5dcqldirvcapkpm6w
